,lstm_D,copula_D,linear_D,elastic_D,XGB_D
Simple Return (%),1087.0142138245435,176.74792842774977,4102.622324511079,35414.14169003549,3711.8559353129067
Annualized Return (%),25.261891022052495,9.710341338696459,40.541972525246365,70.68278314418568,39.29880673481498
Annualized Volatility (%),36.11550267483168,24.099508483460436,28.150375778931053,34.26770077893056,32.81940565520005
Sharpe Ratio,0.6994749941458548,0.40292694539229695,1.4401929424895887,2.0626648866866746,1.1974259115989905
Adjusted Sharpe Ratio,0.13883974357763806,0.36974965750642297,-0.21314523316594988,-4.17312763342678,-0.7143019681682867
Sortino Ratio,0.95296347670092,0.5109497834864379,1.9227718831895528,2.9680936714800734,1.4468529752137935
Maximum Drawdown (%),87.08765018876473,42.435445312344896,30.358911721018302,50.523606912925814,66.55965592645335
Calmar Ratio,0.2900743212992508,0.2288261915769651,1.3354224584136871,1.3990050881759672,0.5904298360291875
