,lstm_D,copula_D,linear_D,elastic_D,XGB_D
Simple Return (%),137.41376871397807,-26.071675144382766,68.46645519196774,70.934832080637,156.28418661283655
Annualized Return (%),15.272841197165587,-4.844331900002508,8.951969588571917,9.212794116801227,16.731252878566806
Annualized Volatility (%),34.851566062718135,21.884285148110692,27.913052824113326,27.70516770448118,33.80442173514619
Sharpe Ratio,0.4382253919287561,-0.22136121272486375,0.32070908348794275,0.3325298087010352,0.4949427329257182
Adjusted Sharpe Ratio,0.30193033469258124,-0.2206691778584184,0.30280053115423355,0.3193469961435104,0.2651364817368935
Sortino Ratio,0.5361359647884892,-0.25815054425589246,0.4260780858517874,0.42773666813565836,0.6263355867487413
Maximum Drawdown (%),55.663425073110375,51.391605588332546,45.10908162651127,44.512352899255816,42.970117554181506
Calmar Ratio,0.27437839437845735,-0.09426309695025988,0.19845160366356723,0.20697162735145488,0.38936949282184713
